{
  "version": 1,
  "status": "running",
  "attempt_index": 18264,
  "accepted_count": 16709,
  "config": {
    "target_samples": 20000,
    "split_ratios": [
      0.8,
      0.1,
      0.1
    ],
    "seed": 1049635142,
    "save_all": true,
    "prefix": "dataset",
    "param_sets_count": null,
    "sampling": {
      "defaults": [
        0.43091585,
        0.1182765,
        -0.00012662607285091371,
        -3.095834967129621e-05,
        132.58669997411448,
        -4.985770555661989e-07,
        3.927801310496309e-05,
        -8.331752297202513,
        -0.0462106962484192,
        160.75890180110406,
        0.156565228083753,
        0.006109266178659367,
        24.3,
        0.046211343775075256,
        14.410101650089715,
        0.0001043767114014796,
        -7.68117197562703e-05,
        -165.18741827497422
      ],
      "std": [
        0.001942282160914077,
        0.0020777243367120645,
        7.334591257491213e-06,
        8.074099402080287e-06,
        14.118553499258784,
        9.57003267919198e-06,
        9.748798638740093e-06,
        18.61260568496314,
        2.3506041745068243e-05,
        69.8291408179041,
        491.245956722335,
        6134.577121365279,
        26743.581712307936,
        4.722518523741266e-06,
        9.181177762411114,
        4.013704119381429e-05,
        8.158673666420569e-06,
        12.819918878739013
      ],
      "hw_min": [
        0.3475366924,
        -0.2972244775,
        -293.6584907,
        -0.0005051671516,
        -2901813814,
        -0.7835099654,
        -4.513392325,
        -207782.4005,
        -0.2146480211,
        null,
        null,
        null,
        null,
        -0.2146480211,
        -321944193.8,
        -0.001,
        -0.001,
        -365899839.5
      ],
      "hw_max": [
        0.4519413622,
        0.3285595703,
        82.58899437,
        0.001,
        2901829649,
        0.001219838731,
        0.005521526321,
        23348945.5,
        -0.0004267941387,
        null,
        null,
        null,
        null,
        0.1273470113,
        275961434.5,
        0.001,
        0.001,
        365915562.2
      ]
    }
  }
}